Case,RunTime,Object,EnterTime,Velocity,Acceleration,Condition,PrepTime


1,82.7,S3,0,0.8450597,26.3586, ,0
1,82.72,S3,0.02,0.5112675,-16.68961, ,0
1,82.74,S3,0.04,0.6784706,8.360153,B,0
1,82.75999,S3,0.06,0.2396749,-21.93979,C,0.02
1,82.78,S3,0.08,0.2605567,1.044089,B,0
1,82.8,S3,0.09999999,0.4574942,9.846877,B,0.02
1,82.82,S3,0.12,0.1409767,-15.82588,C,0.04
1,82.84,S3,0.14,0.1639767,1.150001,B,0
1,82.86,S3,0.16,0.328633,8.232814,B,0.02
1,82.88,S3,0.18,0.1034332,-11.25999,B,0.04
2,84.25999,S3,0,0.2552978,-2.465229, ,0.06
2,84.28,S3,0.02,0.4509956,9.784891, ,0.06
2,84.3,S3,0.04,0.1121758,-16.94099, ,0.06
2,84.32,S3,0.06,0.08540078,-1.33875,B,0
2,84.34,S3,0.08,0.1596051,3.710214,B,0.02
2,84.36,S3,0.09999999,0.01375406,-7.29255,B,0.04
3,85.34,S3,0,0.5059378,18.35774, ,0.06
3,85.36,S3,0.02,0.1850825,-16.04276, ,0.06
3,85.38,S3,0.04,0.3887811,10.18493,B,0
3,85.4,S3,0.06,0.1464214,-12.11798,C,0.02
3,85.42,S3,0.08,0.1965726,2.507561,B,0
3,85.43999,S3,0.09999999,0.0751351,-6.071877,B,0.02
3,85.46,S3,0.12,0.08589424,0.5379569,B,0.04
4,86.46,S3,0,0.1323996,-0.9926781, ,0.06
4,86.48,S3,0.02,0.3041877,8.589407, ,0.06
4,86.5,S3,0.04,0.1663081,-6.89398, ,0.06
4,86.52,S3,0.06,0.3815845,10.76382,B,0
4,86.54,S3,0.08,0.1603149,-11.06348,C,0.02
4,86.56,S3,0.09999999,0.2305744,3.512979,B,0
4,86.58,S3,0.12,0.2141882,-0.8193135,B,0.02
4,86.6,S3,0.14,0.1269241,-4.363206,B,0.04
5,87.56,S3,0,0.2344768,5.820144, ,0.06
5,87.58,S3,0.02,0.1884719,-2.300245, ,0.06
5,87.6,S3,0.04,0.1854266,-0.1522653, ,0.06
5,87.62,S3,0.06,0.3134474,6.401039, ,0.06
5,87.64,S3,0.08,0.1364085,-8.851947, ,0.06
5,87.66,S3,0.09999999,0.5138828,18.87371,B,0
5,87.68,S3,0.12,0.2370314,-13.84257,C,0.02
5,87.7,S3,0.14,0.2938679,2.841821,B,0
5,87.72,S3,0.16,0.1051297,-9.436906,B,0.02
5,87.74,S3,0.18,0.04210109,-3.151433,B,0.04
6,88.66,S3,0,0.3626876,13.34812, ,0.06
6,88.68,S3,0.02,0.1758326,-9.342754, ,0.06
6,88.7,S3,0.04,0.3887374,10.64524,B,0
6,88.72,S3,0.06,0.2193435,-8.46969,C,0.02
6,88.74,S3,0.08,0.3256736,5.316504,B,0
6,88.75999,S3,0.09999999,0.1840147,-7.082946,B,0.02
6,88.78,S3,0.12,0.190194,0.3089666,B,0.04
7,89.6,S3,0,0.1320643,2.081187, ,0.06
7,89.62,S3,0.02,0.05381063,-3.912684, ,0.06
7,89.64,S3,0.04,0.09476108,2.047523, ,0.06
7,89.66,S3,0.06,0.1656595,3.544923, ,0.06
7,89.68,S3,0.08,0.07865082,-4.350437, ,0.06
7,89.7,S3,0.09999999,0.3651482,14.32487, ,0.06
7,89.72,S3,0.12,0.194269,-8.543956, ,0.06
7,89.74,S3,0.14,0.2492188,2.74749,B,0
7,89.75999,S3,0.16,0.1489632,-5.012784,B,0.02
7,89.78,S3,0.18,0.1217668,-1.35982,B,0.04
8,90.78,S3,0,0.3843076,10.98252, ,0.06
8,90.8,S3,0.02,0.2246281,-7.983972, ,0.06
8,90.82,S3,0.04,0.2032784,-1.067486,B,0
8,90.84,S3,0.06,0.5079857,15.23537,B,0.02
8,90.86,S3,0.08,0.1851953,-16.13952,C,0.04
8,90.88,S3,0.09999999,0.3474258,8.111524,B,0
8,90.9,S3,0.12,0.1160645,-11.56806,C,0.02
8,90.92,S3,0.14,0.1708262,2.738082,B,0
8,90.93999,S3,0.16,0.06633142,-5.224739,B,0.02
8,90.96,S3,0.18,0.07133255,0.2500568,B,0.04
9,91.8,S3,0,0.1703044,-6.244071, ,0.06
9,91.82,S3,0.02,0.1387649,-1.576977, ,0.06
9,91.84,S3,0.04,0.2850324,7.313376, ,0.06
9,91.86,S3,0.06,0.2407318,-2.215029, ,0.06
9,91.88,S3,0.08,0.4330572,9.61627, ,0.06
9,91.9,S3,0.09999999,0.144112,-14.44726, ,0.06
9,91.92,S3,0.12,0.3245319,9.020995,B,0
9,91.93999,S3,0.14,0.1548589,-8.483652,B,0.02
9,91.96,S3,0.16,0.1865408,1.584096,B,0.04
10,92.88,S3,0,0.3553087,11.62737, ,0.06
10,92.9,S3,0.02,0.2071989,-7.405488, ,0.06
10,92.92,S3,0.04,0.4375895,11.51953,B,0
10,92.93999,S3,0.06,0.2236723,-10.69586,C,0.02
10,92.96,S3,0.08,0.3415934,5.89605,B,0
10,92.98,S3,0.09999999,0.1759332,-8.28301,C,0.02
10,93,S3,0.12,0.1648275,-0.5552851,B,0
10,93.02,S3,0.14,0.1679816,0.1577087,B,0.02
10,93.04,S3,0.16,0.05510208,-5.643978,B,0.04
11,94,S3,0,0.2503062,5.106574, ,0.06
11,94.02,S3,0.02,0.3898063,6.975003, ,0.06
11,94.04,S3,0.04,0.2652608,-6.227274, ,0.06
11,94.06,S3,0.06,0.4010406,6.788993, ,0.06
11,94.07999,S3,0.08,0.1541188,-12.34609, ,0.06
11,94.1,S3,0.09999999,0.2984255,7.215335,B,0
11,94.12,S3,0.12,0.1596498,-6.938788,B,0.02
11,94.14,S3,0.14,0.1507141,-0.4467852,B,0.04
12,95.14,S3,0,0.1903259,2.940803, ,0.06
12,95.16,S3,0.02,0.4677907,13.87324, ,0.06
12,95.18,S3,0.04,0.212081,-12.78548, ,0.06
12,95.2,S3,0.06,0.4774205,13.26698,B,0
12,95.22,S3,0.08,0.2816914,-9.786457,C,0.02
12,95.24,S3,0.09999999,0.4586832,8.849588,B,0
12,95.25999,S3,0.12,0.2219862,-11.83485,C,0.02
12,95.28,S3,0.14,0.2903814,3.419762,B,0
12,95.3,S3,0.16,0.06594595,-11.22177,B,0.02
12,95.32,S3,0.18,0.07528859,0.467132,B,0.04
13,96.2,S3,0,0.3842435,13.26767, ,0.06
13,96.22,S3,0.02,0.1712328,-10.65054, ,0.06
13,96.24,S3,0.04,0.380433,10.46001,B,0
13,96.25999,S3,0.06,0.1619334,-10.92498,C,0.02
13,96.28,S3,0.08,0.2723442,5.52054,B,0
13,96.3,S3,0.09999999,0.1737845,-4.927986,B,0.02
13,96.32,S3,0.12,0.2406582,3.343684,B,0.04
14,97.34,S3,0,0.354337,8.818603, ,0.06
14,97.36,S3,0.02,0.2465303,-5.390334, ,0.06
14,97.38,S3,0.04,0.6412649,19.73673, ,0.06
14,97.4,S3,0.06,0.2729346,-18.41651, ,0.06
14,97.42,S3,0.08,0.585009,15.60372,B,0
14,97.43999,S3,0.09999999,0.1819285,-20.15403,C,0.02
14,97.46,S3,0.12,0.3128653,6.546839,B,0
14,97.48,S3,0.14,0.1693787,-7.174327,B,0.02
14,97.5,S3,0.16,0.05919039,-5.509416,B,0.04
15,98.52,S3,0,0.4734633,17.67634, ,0.06
15,98.54,S3,0.02,0.2380869,-11.76882, ,0.06
15,98.56,S3,0.04,0.4443825,10.31478,B,0
15,98.57999,S3,0.06,0.2978462,-7.326815,C,0.02
15,98.6,S3,0.08,0.4590965,8.062511,B,0
15,98.62,S3,0.09999999,0.1689205,-14.5088,C,0.02
15,98.64,S3,0.12,0.329307,8.019322,B,0
15,98.66,S3,0.14,0.102924,-11.31915,B,0.02
15,98.68,S3,0.16,0.11445,0.5762987,B,0.04
16,99.64,S3,0,0.3911808,11.70589, ,0.06
16,99.66,S3,0.02,0.2739777,-5.860157, ,0.06
16,99.68,S3,0.04,0.2587421,-0.7617772, ,0.06
16,99.7,S3,0.06,0.2582429,-0.02496094, ,0.06
16,99.72,S3,0.08,0.2537541,-0.2244413, ,0.06
16,99.74,S3,0.09999999,0.2527364,-0.05088449, ,0.06
16,99.75999,S3,0.12,0.05879633,-9.697003, ,0.06
16,99.78,S3,0.14,0.3506634,14.59335,B,0
16,99.8,S3,0.16,0.1432903,-10.36865,C,0.02
16,99.82,S3,0.18,0.04179133,-5.074951,B,0
16,99.84,S3,0.2,0.02473452,-0.8528406,B,0.02
16,99.86,S3,0.22,0.02983954,0.2552513,B,0.04
17,100.84,S3,0,0.6563368,21.82277, ,0.06
17,100.86,S3,0.02,0.481419,-8.745893, ,0.06
17,100.88,S3,0.04,0.611131,6.485601,B,0
17,100.9,S3,0.06,0.2737888,-16.86711,C,0.02
17,100.92,S3,0.08,0.3666806,4.644591,B,0
17,100.94,S3,0.09999999,0.1113511,-12.76647,C,0.02
17,100.96,S3,0.12,0.1254625,0.7055663,B,0
17,100.98,S3,0.14,0.07754745,-2.395751,B,0.02
17,101,S3,0.16,0.04483197,-1.635774,B,0.04
18,101.98,S3,0,0.3204359,-16.92598, ,0.06
18,102,S3,0.02,0.1910897,-6.46731,B,0
18,102.02,S3,0.04,0.3639859,8.644811,B,0.02
18,102.04,S3,0.06,0.1650756,-9.945511,C,0.04
18,102.06,S3,0.08,0.3171255,7.602491,B,0
18,102.08,S3,0.09999999,0.1628964,-7.711453,B,0.02
18,102.1,S3,0.12,0.2589185,4.801105,B,0.04
19,274.5,S3,0,0.5841343,6.749786, ,0.06
19,274.52,S3,0.02,0.2806763,-15.1729, ,0.06
19,274.54,S3,0.04,0.4849857,10.21547,B,0
19,274.56,S3,0.06,0.2189016,-13.30421,C,0.02
19,274.58,S3,0.08,0.6269346,20.40165,B,0
19,274.6,S3,0.09999999,0.3098077,-15.85635,C,0.02
19,274.62,S3,0.12,0.02418943,-14.28091,B,0
19,274.64,S3,0.14,0.1736519,7.473125,B,0.02
19,274.66,S3,0.16,0.1501629,-1.174453,B,0.04
20,275.18,S3,0,1.285892,39.46912, ,0.06
20,275.2,S3,0.02,0.6675975,-30.91474, ,0.06
20,275.22,S3,0.04,1.011801,17.21018,B,0
20,275.24,S3,0.06,0.4933827,-25.92092,C,0.02
20,275.26,S3,0.08,0.4213902,-3.599627,B,0
20,275.28,S3,0.09999999,0.6782396,12.84247,C,0.02
20,275.3,S3,0.12,0.1119464,-28.31466,C,0.02
20,275.32,S3,0.14,0.1120579,0.005578622,B,0
20,275.34,S3,0.16,0.1623592,2.515062,B,0.02
20,275.36,S3,0.18,0.4425089,14.00749,B,0.04
21,275.96,S3,0,1.282899,50.49221, ,0.06
21,275.98,S3,0.02,0.6426911,-32.01042, ,0.06
21,276,S3,0.04,1.141117,24.92128,B,0
21,276.02,S3,0.06,0.3761035,-38.25066,C,0.02
21,276.04,S3,0.08,0.2401095,-6.799701,B,0
21,276.06,S3,0.09999999,0.143989,-4.806025,B,0.02
21,276.08,S3,0.12,0.1042835,-1.985275,B,0.04
22,276.64,S3,0,0.9489091,24.73397, ,0.06
22,276.66,S3,0.02,0.5321939,-20.83576, ,0.06
22,276.68,S3,0.04,1.025332,24.65692,B,0
22,276.7,S3,0.06,0.3250895,-35.01213,C,0.02
22,276.72,S3,0.08,0.7222353,19.85729,B,0
22,276.74,S3,0.09999999,0.348284,-18.69757,C,0.02
22,276.76,S3,0.12,0.1276951,-11.02944,B,0
22,276.78,S3,0.14,0.2981609,8.523293,B,0.02
22,276.8,S3,0.16,0.1813646,-5.839816,B,0.04
23,277.38,S3,0,0.5670846,-42.12153, ,0.06
23,277.4,S3,0.02,0.5739453,0.3430396,B,0
23,277.42,S3,0.04,0.9192127,17.26337,C,0.02
23,277.44,S3,0.06,0.1693542,-37.49293,C,0.02
23,277.46,S3,0.08,0.3705122,10.0579,B,0
23,277.48,S3,0.09999999,0.03671983,-16.68962,C,0.02
23,277.5,S3,0.12,0.2415982,10.24392,B,0
23,277.52,S3,0.14,0.1957377,-2.293026,B,0.02
23,277.54,S3,0.16,0.3871724,9.571733,B,0.04
24,278.08,S3,0,0.7721347,6.707072, ,0.06
24,278.1,S3,0.02,1.408247,31.80561, ,0.06
24,278.12,S3,0.04,0.4014919,-50.33775, ,0.06
24,278.14,S3,0.06,0.5367783,6.764323,B,0
24,278.16,S3,0.08,0.2035314,-16.66234,C,0.02
24,278.18,S3,0.09999999,0.474664,13.55663,B,0
24,278.2,S3,0.12,0.05515952,-20.97523,C,0.02
24,278.22,S3,0.14,0.2567853,10.08129,B,0
24,278.24,S3,0.16,0.193919,-3.143312,B,0.02
24,278.26,S3,0.18,0.1651049,-1.440706,B,0.04
25,278.78,S3,0,1.034423,26.87971, ,0.06
25,278.8,S3,0.02,0.6076444,-21.33892, ,0.06
25,278.82,S3,0.04,0.7362353,6.429547,B,0
25,278.84,S3,0.06,0.263042,-23.65967,C,0.02
25,278.86,S3,0.08,0.357959,4.745852,B,0
25,278.88,S3,0.09999999,0.1260727,-11.59431,C,0.02
25,278.9,S3,0.12,0.1078249,-0.9123936,B,0
25,278.92,S3,0.14,0.138317,1.524606,B,0.02
25,278.94,S3,0.16,0.06960164,-3.435767,B,0.04
26,279.46,S3,0,1.931954,44.90243, ,0.06
26,279.48,S3,0.02,0.9526708,-48.96416, ,0.06
26,279.5,S3,0.04,0.747317,-10.26769,B,0
27,279.54,S3,0,0.5152979,0.1084208, ,0.02
27,279.56,S3,0.02,0.2670003,-12.41488, ,0.02
27,279.58,S3,0.04,0.135278,-6.586112,B,0
27,279.6,S3,0.06,0.4798841,17.2303,B,0.02
27,279.62,S3,0.08,0.09954543,-19.01694,C,0.04
27,279.64,S3,0.09999999,0.70318,30.18173,B,0
27,279.66,S3,0.12,0.1896603,-25.67599,C,0.02
27,279.68,S3,0.14,0.682555,24.64474,B,0
27,279.7,S3,0.16,0.4524542,-11.50504,C,0.02
28,280.14,S3,0,1.196995,19.74027, ,0
28,280.16,S3,0.02,0.3932609,-40.18671, ,0
28,280.18,S3,0.04,0.7065504,15.66447,B,0
28,280.2,S3,0.06,0.1997488,-25.34008,C,0.02
28,280.22,S3,0.08,0.4216753,11.09632,B,0
28,280.24,S3,0.09999999,0.07375249,-17.39614,C,0.02
28,280.26,S3,0.12,0.03396818,-1.989215,B,0
28,280.28,S3,0.14,0.3775304,17.17811,B,0.02
28,280.3,S3,0.16,0.2663164,-5.560696,C,0.04
28,280.32,S3,0.18,0.346974,4.032876,C,0.04
28,280.34,S3,0.2,0.1241909,-11.13915,C,0.04
28,280.36,S3,0.22,0.6174613,24.66352,B,0
28,280.38,S3,0.24,0.3976521,-10.99046,C,0.02
29,280.9,S3,0,0.834868,19.33395, ,0
29,280.92,S3,0.02,0.6888113,-7.302836, ,0
29,280.94,S3,0.04,0.575139,-5.683613,B,0
29,280.96,S3,0.06,0.3440982,-11.55204,C,0.02
29,280.98,S3,0.08,0.2268778,-5.86102,B,0
29,281,S3,0.09999999,0.2106988,-0.8089498,B,0.02
29,281.02,S3,0.12,0.3445252,6.69132,B,0.04
30,281.6,S3,0,0.5235866,-40.8329, ,0.06
30,281.62,S3,0.02,0.4728808,-2.535288,B,0
30,281.64,S3,0.04,0.9018478,21.44835,C,0.02
30,281.66,S3,0.06,0.4320311,-23.49084,C,0.02
30,281.68,S3,0.08,0.4459477,0.6958306,B,0
30,281.7,S3,0.09999999,0.1239007,-16.10235,C,0.02
30,281.72,S3,0.12,0.2843615,8.023039,B,0
30,281.74,S3,0.14,0.170272,-5.704474,B,0.02
30,281.76,S3,0.16,0.4647482,14.72381,B,0.04
31,282.36,S3,0,0.5068058,10.36487, ,0.06
31,282.38,S3,0.02,0.2201812,-14.33123, ,0.06
31,282.4,S3,0.04,0.5970361,18.84275,B,0
31,282.42,S3,0.06,0.3359739,-13.05311,C,0.02
31,282.44,S3,0.08,0.2344777,-5.074814,B,0
31,282.46,S3,0.09999999,0.9056438,33.55831,B,0.02
31,282.48,S3,0.12,0.03290294,-43.63704,C,0.04
31,282.5,S3,0.14,0.1711961,6.914658,B,0
31,282.52,S3,0.16,0.2906855,5.97447,B,0.02
31,282.54,S3,0.18,0.6438182,17.65664,B,0.04
32,283.18,S3,0,0.4280982,14.39337, ,0.06
32,283.2,S3,0.02,0.2572026,-8.544778, ,0.06
32,283.22,S3,0.04,0.6264487,18.4623,B,0
32,283.24,S3,0.06,0.234444,-19.60023,C,0.02
32,283.26,S3,0.08,0.1990991,-1.767246,B,0
32,283.28,S3,0.09999999,0.3770337,8.896732,B,0.02
32,283.3,S3,0.12,0.1324952,-12.22693,C,0.04
32,283.32,S3,0.14,0.2032349,3.536987,B,0
32,283.34,S3,0.16,0.08236281,-6.043605,B,0.02
32,283.36,S3,0.18,0.1240099,2.082356,B,0.04
33,284,S3,0,0.6186549,15.69779, ,0.06
33,284.02,S3,0.02,0.2776996,-17.04777, ,0.06
33,284.04,S3,0.04,0.5942149,15.82577,B,0
33,284.06,S3,0.06,0.3099808,-14.2117,C,0.02
33,284.08,S3,0.08,0.5880305,13.90249,B,0
33,284.1,S3,0.09999999,0.3250625,-13.1484,C,0.02
33,284.12,S3,0.12,0.2229682,-5.104714,B,0
33,284.14,S3,0.14,0.4627861,11.9909,B,0.02
33,284.16,S3,0.16,0.2005614,-13.11123,C,0.04
33,284.18,S3,0.18,0.07360913,-6.347615,B,0
33,284.2,S3,0.2,0.02034367,-2.663273,B,0.02
33,284.22,S3,0.22,0.1792738,7.946506,B,0.04
34,284.82,S3,0,0.7122784,26.44529, ,0.06
34,284.84,S3,0.02,0.4354163,-13.84311, ,0.06
34,284.86,S3,0.04,0.7365384,15.0561,B,0
34,284.88,S3,0.06,0.3141805,-21.11789,C,0.02
34,284.9,S3,0.08,0.5369876,11.14035,B,0
34,284.92,S3,0.09999999,0.1843913,-17.62982,C,0.02
34,284.94,S3,0.12,0.1628008,-1.079525,B,0
34,284.96,S3,0.14,0.2498716,4.353539,B,0.02
34,284.98,S3,0.16,0.1125781,-6.864675,B,0.04
35,285.64,S3,0,0.5653134,18.73659, ,0.06
35,285.66,S3,0.02,0.3242065,-12.05534, ,0.06
35,285.68,S3,0.04,0.52586,10.08267,B,0
35,285.7,S3,0.06,0.3657344,-8.006279,C,0.02
35,285.72,S3,0.08,0.6728532,15.35594,B,0
35,285.74,S3,0.09999999,0.3085449,-18.21541,C,0.02
35,285.76,S3,0.12,0.461267,7.636106,B,0
35,285.78,S3,0.14,0.2065407,-12.73632,C,0.02
35,285.8,S3,0.16,0.2129244,0.3191873,B,0
35,285.82,S3,0.18,0.2036605,-0.4631981,B,0.02
35,285.84,S3,0.2,0.1030322,-5.031412,B,0.04
36,286.6,S3,0,0.4288181,7.085677, ,0.06
36,286.62,S3,0.02,0.2351879,-9.681508, ,0.06
36,286.64,S3,0.04,0.6044039,18.4608,B,0
36,286.66,S3,0.06,0.3561201,-12.41419,C,0.02
36,286.68,S3,0.08,0.5958828,11.98814,B,0
36,286.7,S3,0.09999999,0.250883,-17.24999,C,0.02
36,286.72,S3,0.12,0.4074216,7.826932,B,0
36,286.74,S3,0.14,0.2018342,-10.27937,C,0.02
36,286.76,S3,0.16,0.2406999,1.943286,B,0
36,286.78,S3,0.18,0.09937707,-7.066142,B,0.02
36,286.8,S3,0.2,0.14838,2.450146,B,0.04
37,287.52,S3,0,0.2272932,-12.17119, ,0.06
37,287.54,S3,0.02,0.4040092,8.835803,B,0
37,287.56,S3,0.04,0.1933273,-10.53409,C,0.02
37,287.58,S3,0.06,0.4310002,11.88365,B,0
37,287.6,S3,0.08,0.2537052,-8.86475,C,0.02
37,287.62,S3,0.09999999,0.1981755,-2.776487,B,0
37,287.64,S3,0.12,0.3618804,8.185246,B,0.02
37,287.66,S3,0.14,0.1256969,-11.80917,C,0.04
37,287.68,S3,0.16,0.1514983,1.290068,B,0
37,287.7,S3,0.18,0.03241713,-5.954058,B,0.02
37,287.72,S3,0.2,0.07462139,2.110214,B,0.04
38,288.4,S3,0,0.4888441,12.64035, ,0.06
38,288.42,S3,0.02,0.08895446,-19.99448, ,0.06
38,288.44,S3,0.04,0.7472771,32.91613,B,0
38,288.46,S3,0.06,0.2975182,-22.48795,C,0.02
38,288.48,S3,0.08,0.2538879,-2.181515,B,0
38,288.5,S3,0.09999999,0.514295,13.02036,B,0.02
38,288.52,S3,0.12,0.1889997,-16.26477,C,0.04
38,288.54,S3,0.14,0.3548557,8.2928,B,0
38,288.56,S3,0.16,0.1597865,-9.753457,C,0.02
38,288.58,S3,0.18,0.1522061,-0.3790215,B,0
38,288.6,S3,0.2,0.01911926,-6.654342,B,0.02
38,288.62,S3,0.22,0.03313888,0.7009809,B,0.04
39,289.32,S3,0,0.6649522,26.07, ,0.06
39,289.34,S3,0.02,0.2504807,-20.72357, ,0.06
39,289.36,S3,0.04,0.4630289,10.62741,B,0
39,289.38,S3,0.06,0.2256468,-11.86911,C,0.02
39,289.4,S3,0.08,0.4071027,9.072795,B,0
39,289.42,S3,0.09999999,0.1744688,-11.63169,C,0.02
39,289.44,S3,0.12,0.2264445,2.598786,B,0
39,289.46,S3,0.14,0.09347539,-6.648455,B,0.02
39,289.48,S3,0.16,0.0881597,-0.2657846,B,0.04
40,290.26,S3,0,0.5622387,20.80705, ,0.06
40,290.28,S3,0.02,0.3883205,-8.695909, ,0.06
40,290.3,S3,0.04,0.3266062,-3.085718,B,0
40,290.32,S3,0.06,0.5238701,9.863194,B,0.02
40,290.34,S3,0.08,0.192147,-16.58615,C,0.04
40,290.36,S3,0.09999999,0.2741742,4.101359,B,0
40,290.38,S3,0.12,0.1090598,-8.255721,B,0.02
40,290.4,S3,0.14,0.1260907,0.8515455,B,0.04
41,291.18,S3,0,0.4645416,13.25519, ,0.06
41,291.2,S3,0.02,0.2856097,-8.946596, ,0.06
41,291.22,S3,0.04,0.4404781,7.743423,B,0
41,291.24,S3,0.06,0.1972228,-12.16277,C,0.02
41,291.26,S3,0.08,0.1737181,-1.175236,B,0
41,291.28,S3,0.09999999,0.3274766,7.687926,B,0.02
41,291.3,S3,0.12,0.1564727,-8.550197,B,0.04
42,292.14,S3,0,0.8467588,30.4206, ,0.06
42,292.16,S3,0.02,0.3480131,-24.93728, ,0.06
42,292.18,S3,0.04,0.6465601,14.92735,B,0
42,292.2,S3,0.06,0.279759,-18.34006,C,0.02
42,292.22,S3,0.08,0.5284513,12.43462,B,0
42,292.24,S3,0.09999999,0.294099,-11.71762,C,0.02
42,292.26,S3,0.12,0.3006375,0.326927,B,0
42,292.28,S3,0.14,0.06553937,-11.75491,B,0.02
42,292.3,S3,0.16,0.07293334,0.3696982,B,0.04
43,293.06,S3,0,0.3525478,-16.9323, ,0.06
43,293.08,S3,0.02,0.8655128,25.64825,B,0
43,293.1,S3,0.04,0.3126624,-27.64252,C,0.02
43,293.12,S3,0.06,0.4002872,4.381239,B,0
43,293.14,S3,0.08,0.7212554,16.04841,C,0.02
43,293.16,S3,0.09999999,0.3365783,-19.23385,C,0.02
43,293.18,S3,0.12,0.5940116,12.87166,B,0
44,293.22,S3,0,0.2742828,7.689849, ,0.02
44,293.24,S3,0.02,0.2023931,-3.594486, ,0.02
44,293.26,S3,0.04,0.5474005,17.25037, ,0.02
44,293.28,S3,0.06,0.1455331,-20.09337, ,0.02
44,293.3,S3,0.08,0.1055916,-1.997075,B,0
44,293.32,S3,0.09999999,0.4739767,18.41925,B,0.02
44,293.34,S3,0.12,0.1343172,-16.98298,C,0.04
44,293.36,S3,0.14,0.4936569,17.96699,B,0
44,293.38,S3,0.16,0.4016987,-4.597913,C,0.02
44,293.4,S3,0.18,0.7187939,15.85476,C,0.02
44,293.42,S3,0.2,0.3314151,-19.36894,C,0.02
45,293.98,S3,0,0.3061194,-1.181276, ,0
45,294,S3,0.02,0.5314766,11.26786, ,0
45,294.02,S3,0.04,0.309499,-11.09888, ,0
45,294.04,S3,0.06,0.4162708,5.338592,B,0
45,294.06,S3,0.08,0.1661528,-12.5059,C,0.02
45,294.08,S3,0.09999999,0.331068,8.245759,B,0
45,294.1,S3,0.12,0.1521389,-8.946452,B,0.02
45,294.12,S3,0.14,0.06982509,-4.115693,B,0.04
46,294.86,S3,0,0.6592968,16.67557, ,0.06
46,294.88,S3,0.02,0.2945477,-18.23745, ,0.06
46,294.9,S3,0.04,0.6247509,16.51016,B,0
46,294.92,S3,0.06,0.3370461,-14.38524,C,0.02
46,294.94,S3,0.08,0.5403437,10.16488,B,0
46,294.96,S3,0.09999999,0.2508734,-14.47351,C,0.02
46,294.98,S3,0.12,0.2754896,1.230808,B,0
46,295,S3,0.14,0.2749531,-0.02682209,B,0.02
46,295.02,S3,0.16,0.1358058,-6.957365,B,0.04
47,295.72,S3,0,0.4567311,8.899218, ,0.06
47,295.74,S3,0.02,0.1974939,-12.96186, ,0.06
47,295.76,S3,0.04,0.5326158,16.75609,B,0
47,295.78,S3,0.06,0.2321235,-15.02461,C,0.02
47,295.8,S3,0.08,0.4882952,12.80858,B,0
47,295.82,S3,0.09999999,0.1833768,-15.24592,C,0.02
47,295.84,S3,0.12,0.1730422,-0.5167305,B,0
47,295.86,S3,0.14,0.3845858,10.57718,B,0.02
47,295.88,S3,0.16,0.1971688,-9.370853,C,0.04
47,295.9,S3,0.18,0.3437505,7.329089,B,0
47,295.92,S3,0.2,0.1506675,-9.654154,C,0.02
47,295.94,S3,0.22,0.1517217,0.0527136,B,0
47,295.96,S3,0.24,0.08480246,-3.345964,B,0.02
47,295.98,S3,0.26,0.1334904,2.434399,B,0.04
48,296.54,S3,0,0.4088253,13.22047, ,0.06
48,296.56,S3,0.02,0.2431387,-8.284333, ,0.06
48,296.58,S3,0.04,0.5832863,17.00738,B,0
48,296.6,S3,0.06,0.2644042,-15.9441,C,0.02
48,296.62,S3,0.08,0.621441,17.85184,B,0
48,296.64,S3,0.09999999,0.3595621,-13.09395,C,0.02
48,296.66,S3,0.12,0.1720093,-9.377639,B,0
48,296.68,S3,0.14,0.328706,7.834835,B,0.02
48,296.7,S3,0.16,0.03868594,-14.50101,B,0.04
49,297.4,S3,0,0.5760899,18.50122, ,0.06
49,297.42,S3,0.02,0.3478863,-11.41018, ,0.06
49,297.44,S3,0.04,0.5646152,10.83644,B,0
49,297.46,S3,0.06,0.5631306,-0.07422864,C,0.02
49,297.48,S3,0.08,0.4385273,-6.230165,C,0.02
49,297.5,S3,0.09999999,0.726561,14.40168,C,0.02
49,297.52,S3,0.12,0.3588595,-18.38507,C,0.02
49,297.54,S3,0.14,0.5798124,11.04765,B,0
49,297.56,S3,0.16,0.08390925,-24.79516,C,0.02
49,297.58,S3,0.18,0.1887457,5.241823,B,0
49,297.6,S3,0.2,0.1212332,-3.375625,B,0.02
49,297.62,S3,0.22,0.2745621,7.666445,B,0.04


50,473.72,S3,0,0.8909564,-52.26577, ,0.06
50,473.74,S3,0.02,0.8026636,-4.414642,B,0
50,473.76,S3,0.04,1.61505,40.61934,C,0.02
51,474.42,S3,0,0.8295304,22.4199, ,0.02
51,474.44,S3,0.02,0.3523181,-23.86062, ,0.02
51,474.46,S3,0.04,0.713037,18.03595,B,0
51,474.48,S3,0.06,0.2744619,-21.92875,C,0.02
51,474.5,S3,0.08,0.2777895,0.1663789,B,0
51,474.52,S3,0.09999999,0.4402257,8.121808,B,0.02
51,474.54,S3,0.12,0.2080485,-11.60886,C,0.04
51,474.56,S3,0.14,0.463742,12.78467,B,0
51,474.58,S3,0.16,0.2998565,-8.194272,C,0.02
52,475.32,S3,0,0.6473386,-18.26002, ,0
52,475.34,S3,0.02,0.9667057,15.96835,B,0
52,475.36,S3,0.04,0.3943556,-28.6175,C,0.02
52,475.38,S3,0.06,0.6850567,14.53506,B,0
52,475.4,S3,0.08,0.419918,-13.25694,C,0.02
52,475.42,S3,0.09999999,0.4389274,0.9504691,B,0
53,476.04,S3,0,0.5050959,-22.57175, ,0.02
53,476.06,S3,0.02,0.8715414,18.32228,B,0
53,476.08,S3,0.04,0.3096244,-28.09585,C,0.02
53,476.1,S3,0.06,0.7237587,20.70671,B,0
53,476.12,S3,0.08,0.3722958,-17.57314,C,0.02
53,476.14,S3,0.09999999,0.1734541,-9.942086,B,0
53,476.16,S3,0.12,0.6327794,22.96626,B,0.02
54,476.84,S3,0,0.9966359,25.66202, ,0.04
54,476.86,S3,0.02,0.5102523,-24.31918, ,0.04
54,476.88,S3,0.04,0.7539854,12.18666,B,0
54,476.9,S3,0.06,0.4374103,-15.82876,C,0.02
54,476.92,S3,0.08,0.5785592,7.057448,B,0
54,476.94,S3,0.09999999,0.1781636,-20.01978,C,0.02
54,476.96,S3,0.12,0.1698269,-0.4168361,B,0
55,477.48,S3,0,1.173954,42.07129, ,0.02
55,477.5,S3,0.02,0.5408156,-31.65692, ,0.02
55,477.52,S3,0.04,0.9311353,19.51599,B,0
55,477.54,S3,0.06,0.2316163,-34.97595,C,0.02
55,477.56,S3,0.08,0.578037,17.32103,B,0
55,477.58,S3,0.09999999,0.297985,-14.0026,C,0.02
55,477.6,S3,0.12,0.3075753,0.4795164,B,0
56,478.28,S3,0,0.8258733,13.88571, ,0.02
56,478.3,S3,0.02,0.4621779,-18.18477, ,0.02
56,478.32,S3,0.04,0.4294919,-1.634301,B,0
56,478.34,S3,0.06,0.5664666,6.848733,C,0.02
56,478.36,S3,0.08,0.318833,-12.38168,C,0.02
56,478.38,S3,0.09999999,0.4188594,5.00132,B,0
56,478.4,S3,0.12,0.2760156,-7.142188,C,0.02
56,478.42,S3,0.14,0.4170176,7.050098,B,0
56,478.44,S3,0.16,0.3492178,-3.38999,C,0.02
56,478.46,S3,0.18,0.1698044,-8.97067,C,0.02
56,478.48,S3,0.2,0.4049589,11.75773,B,0
56,478.5,S3,0.22,0.3974657,-0.3746614,C,0.02
57,479.1,S3,0,1.340942,39.80958, ,0.02
57,479.12,S3,0.02,0.5158999,-41.25211, ,0.02
57,479.14,S3,0.04,0.3923282,-6.178585,B,0
57,479.16,S3,0.06,1.018753,31.32123,C,0.02
57,479.18,S3,0.08,0.5949318,-21.19104,C,0.02
58,479.8,S3,0,0.7701126,12.57304, ,0
58,479.82,S3,0.02,0.3192758,-22.54184, ,0
58,479.84,S3,0.04,0.8751814,27.79528,B,0
58,479.86,S3,0.06,0.4489908,-21.30953,C,0.02
58,479.88,S3,0.08,0.7830302,16.70197,B,0
58,479.9,S3,0.09999999,0.3329098,-22.50602,C,0.02
59,480.56,S3,0,1.294347,36.17231, ,0
59,480.58,S3,0.02,0.5375401,-37.84036, ,0
59,480.6,S3,0.04,0.4553042,-4.111797,B,0
59,480.62,S3,0.06,0.8198059,18.22509,C,0.02
59,480.64,S3,0.08,0.4294629,-19.51715,C,0.02
59,480.66,S3,0.09999999,0.7714041,17.09706,B,0
59,480.68,S3,0.12,0.3531097,-20.91472,C,0.02
60,481.62,S3,0,1.68802,41.61463, ,0
60,481.64,S3,0.02,0.8832062,-40.24068, ,0
60,481.66,S3,0.04,1.328523,22.26585,B,0
60,481.68,S3,0.06,0.2899135,-51.93048,C,0.02
60,481.7,S3,0.08,0.311829,1.095776,B,0
60,481.72,S3,0.09999999,0.09785739,-10.69858,B,0.02
60,481.74,S3,0.12,0.1989757,5.055917,B,0.04
61,481.88,S3,0,0.6454656,19.04247, ,0.06
61,481.9,S3,0.02,0.3105478,-16.74589, ,0.06
62,482.88,S3,0,1.512269,42.97784, ,0
62,482.9,S3,0.02,0.7699922,-37.11384, ,0
62,482.92,S3,0.04,0.7659911,-0.200054,B,0
63,484.02,S3,0,1.00188,13.26565, ,0.02
63,484.04,S3,0.02,0.473985,-26.39474, ,0.02
63,484.06,S3,0.04,1.394449,46.02322,B,0
63,484.08,S3,0.06,0.7524236,-32.10129,C,0.02
64,485.14,S3,0,0.7084957,-38.12941, ,0
64,485.16,S3,0.02,1.612001,45.17525,B,0
64,485.18,S3,0.04,0.834033,-38.89838,C,0.02
64,485.2,S3,0.06,1.153317,15.96421,B,0
65,486.12,S3,0,1.460606,46.91171, ,0.02
65,486.14,S3,0.02,0.7732137,-34.36962, ,0.02
65,486.16,S3,0.04,1.542077,38.44316,B,0
65,486.18,S3,0.06,0.7391413,-40.14678,C,0.02
66,487.12,S3,0,1.831036,32.98379, ,0
66,487.14,S3,0.02,0.7923462,-51.93451, ,0
66,487.16,S3,0.04,1.178861,19.32577,B,0
66,487.18,S3,0.06,0.416041,-38.14102,C,0.02
67,488.28,S3,0,0.7262805,-45.53103, ,0
67,488.3,S3,0.02,1.510432,39.2076,B,0
67,488.32,S3,0.04,1.00347,-25.34812,C,0.02
68,488.96,S3,0,0.5691924,-130.1295, ,0
68,488.98,S3,0.02,0.8771889,15.39983,B,0
68,489,S3,0.04,0.3695033,-25.38428,C,0.02
68,489.02,S3,0.06,0.9573383,29.39175,B,0
68,489.04,S3,0.08,0.4569742,-25.0182,C,0.02
68,489.06,S3,0.09999999,0.4928211,1.792344,B,0
69,489.68,S3,0,0.8980269,-61.95216, ,0.02
69,489.7,S3,0.02,1.897554,49.97635,B,0
69,489.72,S3,0.04,0.7935736,-55.19902,C,0.02
70,490.46,S3,0,0.8922251,-33.8358, ,0
70,490.48,S3,0.02,1.678478,39.31266,B,0
70,490.5,S3,0.04,0.9101506,-38.41638,C,0.02
71,491.52,S3,0,1.863654,17.17042, ,0
71,491.54,S3,0.02,0.7771862,-54.32338, ,0
71,491.56,S3,0.04,0.7990622,1.093802,B,0
71,491.58,S3,0.06,0.0741113,-36.24755,C,0.02
71,491.6,S3,0.08,0.1628859,4.438731,B,0
72,492.44,S3,0,1.374031,39.97339, ,0.02
72,492.46,S3,0.02,0.6161536,-37.89387, ,0.02
72,492.48,S3,0.04,1.297585,34.07156,B,0
72,492.5,S3,0.06,0.7983102,-24.96374,C,0.02
73,493.26,S3,0,2.461649,55.03662, ,0
73,493.28,S3,0.02,1.378945,-54.13516, ,0
74,493.88,S3,0,1.505879,-1.614994, ,0
74,493.9,S3,0.02,0.7830171,-36.14309, ,0
74,493.92,S3,0.04,0.595363,-9.382704,B,0
74,493.94,S3,0.06,1.263428,33.40327,C,0.02
75,494.74,S3,0,2.174044,57.00091, ,0.02
75,494.76,S3,0.02,0.9500642,-61.19898, ,0.02
75,494.78,S3,0.04,0.9137394,-1.816243,B,0
75,494.8,S3,0.06,1.20888,14.75703,C,0.02
75,494.82,S3,0.08,0.145509,-53.16855,C,0.02
76,498.3,S3,0,5.208217,166.0688, ,0
76,498.32,S3,0.02,2.171862,-151.8178, ,0
77,498.7,S3,0,0.8910866,31.16886, ,0
78,499.74,S3,0,1.797761,73.5626, ,0
78,499.76,S3,0.02,0.9925203,-40.26205, ,0
78,499.78,S3,0.04,0.9486997,-2.191031,B,0
79,500.62,S3,0,1.295617,15.60233, ,0.02
79,500.64,S3,0.02,0.3938351,-45.0891, ,0.02
79,500.66,S3,0.04,0.9151577,26.06613,B,0
79,500.68,S3,0.06,0.4793503,-21.79037,C,0.02
80,501.34,S3,0,2.365911,58.12486, ,0
80,501.36,S3,0.02,1.182092,-59.19094, ,0
81,521.42,S3,0,0.9935907,30.37379, ,0
82,521.52,S3,0,1.544137,59.19002, ,0
83,525.16,S3,0,1.116075,30.76083, ,0
83,525.18,S3,0.02,0.6256148,-24.52299, ,0


84,834.72,S3,0,2.103999,61.90837, ,0
84,834.74,S3,0.02,0.2966394,-90.368, ,0
84,834.76,S3,0.04,0.7624858,23.29232,B,0
84,834.78,S3,0.06,0.6798859,-4.129994,C,0.02
84,834.8,S3,0.08,0.2352004,-22.23428,C,0.02
84,834.82,S3,0.09999999,0.3524806,5.864008,B,0
84,834.84,S3,0.12,1.049474,34.8497,C,0.02
84,834.86,S3,0.14,0.2222501,-41.36122,C,0.02
84,834.88,S3,0.16,0.1333716,-4.443926,B,0
84,834.9,S3,0.18,0.6713548,26.89916,B,0.02
85,835.52,S3,0,0.6920045,10.95389, ,0.04
85,835.54,S3,0.02,0.4419146,-12.50449, ,0.04
85,835.56,S3,0.04,0.3932173,-2.434868,B,0
85,835.58,S3,0.06,0.5196422,6.321246,C,0.02
85,835.6,S3,0.08,0.1143056,-20.26683,C,0.02
85,835.62,S3,0.09999999,0.07849734,-1.790413,B,0
85,835.64,S3,0.12,0.2142456,6.787414,B,0.02
85,835.66,S3,0.14,0.1658539,-2.419586,B,0.04
86,836.3,S3,0,0.689299,14.51364, ,0.06
86,836.32,S3,0.02,0.6687753,-1.026186, ,0.06
86,836.34,S3,0.04,1.033283,18.22539, ,0.06
86,836.36,S3,0.06,0.6518998,-19.06917, ,0.06
86,836.38,S3,0.08,0.5372033,-5.734828,B,0
86,836.4,S3,0.09999999,0.2219882,-15.76075,C,0.02
86,836.42,S3,0.12,0.1350366,-4.347577,B,0
86,836.44,S3,0.14,0.181121,2.304219,B,0.02
86,836.46,S3,0.16,0.2132321,1.605552,B,0.04
87,837.08,S3,0,0.6699855,18.7551, ,0.06
87,837.1,S3,0.02,0.2722313,-19.88771, ,0.06
87,837.12,S3,0.04,0.7388975,23.33331,B,0
87,837.14,S3,0.06,0.2784821,-23.02077,C,0.02
87,837.16,S3,0.08,0.8256974,27.36076,B,0
87,837.18,S3,0.09999999,0.2622941,-28.17016,C,0.02
87,837.2,S3,0.12,0.03544584,-11.34241,B,0
87,837.22,S3,0.14,0.2404172,10.24857,B,0.02
87,837.24,S3,0.16,0.1615107,-3.945328,B,0.04
88,837.8,S3,0,0.8454286,27.7557, ,0.06
88,837.82,S3,0.02,0.3402008,-25.26139, ,0.06
88,837.84,S3,0.04,0.547177,10.34881,B,0
88,837.86,S3,0.06,0.8937653,17.32941,C,0.02
88,837.88,S3,0.08,0.3556601,-26.90526,C,0.02
88,837.9,S3,0.09999999,0.5948059,11.95729,B,0
88,837.92,S3,0.12,0.2543495,-17.02282,C,0.02
88,837.94,S3,0.14,0.1601501,-4.709973,B,0
88,837.96,S3,0.16,0.01797044,-7.108982,B,0.02
88,837.98,S3,0.18,0.7692403,37.56349,B,0.04
89,838.48,S3,0,0.9101463,13.55282, ,0.06
89,838.5,S3,0.02,1.111424,10.0639, ,0.06
89,838.52,S3,0.04,0.8022003,-15.46119, ,0.06
89,838.54,S3,0.06,1.467698,33.27488,B,0
90,838.58,S3,0,0.4102606,-11.76607, ,0.02
90,838.6,S3,0.02,0.4496294,1.968439,B,0
90,838.62,S3,0.04,2.286186,91.82786,C,0.02
90,838.64,S3,0.06,0.5965319,-84.48273,C,0.02
91,839.16,S3,0,1.670346,60.73923, ,0
91,839.18,S3,0.02,1.485134,-9.260612, ,0
91,839.2,S3,0.04,0.3182502,-58.34418,B,0
91,839.22,S3,0.06,0.6074896,14.46197,B,0.02
91,839.24,S3,0.08,0.5049013,-5.129418,C,0.04
91,839.26,S3,0.09999999,1.095465,29.52817,C,0.04
91,839.28,S3,0.12,0.54759,-27.39373,C,0.04
91,839.3,S3,0.14,1.039108,24.57589,B,0
92,839.84,S3,0,1.156724,32.47908, ,0.02
92,839.86,S3,0.02,1.620477,23.18766, ,0.02
92,839.88,S3,0.04,0.6144326,-50.30224, ,0.02
92,839.9,S3,0.06,0.9784456,18.20065,B,0
92,839.92,S3,0.08,0.2399605,-36.92426,C,0.02
92,839.94,S3,0.09999999,0.8061594,28.30995,B,0
92,839.96,S3,0.12,0.4891603,-15.84996,C,0.02
92,839.98,S3,0.14,0.3187421,-8.52091,B,0
92,840,S3,0.16,1.2961,48.86787,B,0.02
93,840.52,S3,0,0.6793773,-33.09206, ,0.04
93,840.54,S3,0.02,1.187335,25.39787,B,0
93,840.56,S3,0.04,0.1164388,-53.5448,C,0.02
93,840.58,S3,0.06,0.1805914,3.20763,B,0
93,840.6,S3,0.08,0.2044897,1.194917,B,0.02
93,840.62,S3,0.09999999,0.2525592,2.403476,B,0.04
94,841.22,S3,0,1.88828,45.24824, ,0.06
94,841.24,S3,0.02,0.8042858,-54.19972, ,0.06
94,841.26,S3,0.04,0.1218152,-34.12354,B,0
94,841.28,S3,0.06,0.06718787,-2.731365,B,0.02
94,841.3,S3,0.08,0.3653102,14.90612,B,0.04
95,841.86,S3,0,1.07918,17.85563, ,0.06
95,841.88,S3,0.02,1.02927,-2.495503, ,0.06
95,841.9,S3,0.04,1.299945,13.53375, ,0.06
95,841.92,S3,0.06,0.472186,-41.38797, ,0.06
95,841.94,S3,0.08,0.4242485,-2.396877,B,0
95,841.96,S3,0.09999999,0.4464927,1.112211,C,0.02
95,841.98,S3,0.12,0.2142771,-11.61078,C,0.02
95,842,S3,0.14,1.347996,56.68597,B,0
95,842.02,S3,0.16,0.3237624,-51.2117,C,0.02
96,842.52,S3,0,0.9476011,0.4835367, ,0
96,842.54,S3,0.02,1.443758,24.80787, ,0
96,842.56,S3,0.04,0.5527061,-44.55262, ,0
96,842.58,S3,0.06,0.4711598,-4.077315,B,0
96,842.6,S3,0.08,0.1748493,-14.81553,C,0.02
96,842.62,S3,0.09999999,0.1881554,0.6653063,B,0
96,842.64,S3,0.12,0.09118102,-4.848718,B,0.02
96,842.66,S3,0.14,0.06520776,-1.298663,B,0.04
97,843.26,S3,0,1.590546,33.02448, ,0.06
97,843.28,S3,0.02,0.7101237,-44.02113, ,0.06
97,843.3,S3,0.04,0.1711875,-26.94681,B,0
97,843.32,S3,0.06,0.3895779,10.91952,B,0.02
97,843.34,S3,0.08,0.2163707,-8.660357,C,0.04
97,843.36,S3,0.09999999,0.5397568,16.16931,B,0
97,843.38,S3,0.12,0.1770771,-18.13399,C,0.02
97,843.4,S3,0.14,0.9830222,40.29725,B,0
97,843.42,S3,0.16,0.3239672,-32.95275,C,0.02
97,843.44,S3,0.18,1.173913,42.49729,B,0
98,843.96,S3,0,0.8319957,-34.21649, ,0.02
98,843.98,S3,0.02,0.7022531,-6.487128,B,0
98,844,S3,0.04,1.090141,19.39439,C,0.02
98,844.02,S3,0.06,0.4457309,-32.2205,C,0.02
98,844.04,S3,0.08,0.4686019,1.143552,B,0
98,844.06,S3,0.09999999,0.1224283,-17.30868,C,0.02
98,844.08,S3,0.12,0.4481217,16.28467,B,0
98,844.1,S3,0.14,0.4415832,-0.3269225,C,0.02
98,844.12,S3,0.16,0.6773581,11.78874,C,0.02
98,844.14,S3,0.18,0.242594,-21.73821,C,0.02
98,844.16,S3,0.2,0.5379232,14.76646,B,0
99,844.72,S3,0,1.552974,42.66051, ,0.02
99,844.74,S3,0.02,0.04433843,-75.4318, ,0.02
99,844.76,S3,0.04,1.212571,58.41161,B,0
99,844.78,S3,0.06,0.4945827,-35.8994,C,0.02
99,844.8,S3,0.08,0.4330698,-3.075647,B,0
99,844.82,S3,0.09999999,0.9678128,26.73715,C,0.02
99,844.84,S3,0.12,0.5801181,-19.38474,C,0.02
99,844.86,S3,0.14,0.8050465,11.24642,B,0
99,844.88,S3,0.16,0.4498806,-17.75829,C,0.02
100,845.42,S3,0,0.9593294,-31.49657, ,0
100,845.44,S3,0.02,1.587293,31.39817,B,0
100,845.46,S3,0.04,0.650609,-46.8342,C,0.02
100,845.48,S3,0.06,0.1057204,-27.24443,B,0
100,845.5,S3,0.08,0.1261541,1.021688,B,0.02
100,845.52,S3,0.09999999,0.08732988,-1.941213,B,0.04
101,846.14,S3,0,0.4573959,-18.85587, ,0.06
101,846.16,S3,0.02,0.4438346,-0.6780654,B,0
101,846.18,S3,0.04,0.9420561,24.91107,C,0.02
101,846.2,S3,0.06,0.5322934,-20.48813,C,0.02
101,846.22,S3,0.08,0.565128,1.641726,B,0
101,846.24,S3,0.09999999,0.2830625,-14.10327,C,0.02
101,846.26,S3,0.12,0.4622583,8.95979,B,0
101,846.28,S3,0.14,0.4700794,0.3910527,C,0.02
101,846.3,S3,0.16,1.541639,53.57796,C,0.02
101,846.32,S3,0.18,0.5322914,-50.46737,C,0.02
102,846.84,S3,0,1.001436,-0.6828308, ,0
102,846.86,S3,0.02,1.497451,24.80072, ,0
102,846.88,S3,0.04,0.5862042,-45.56232, ,0
102,846.9,S3,0.06,0.6681469,4.097137,B,0
102,846.92,S3,0.08,0.1781691,-24.49889,C,0.02
102,846.94,S3,0.09999999,0.7417369,28.17839,B,0
102,846.96,S3,0.12,0.2515536,-24.50916,C,0.02
102,846.98,S3,0.14,0.2074759,-2.203887,B,0
102,847,S3,0.16,0.9007708,34.66475,B,0.02
102,847.02,S3,0.18,0.5431196,-17.88256,C,0.04
103,847.54,S3,0,1.893141,36.69629, ,0
103,847.56,S3,0.02,0.7828335,-55.51535, ,0
103,847.58,S3,0.04,0.6681072,-5.736319,B,0
103,847.6,S3,0.06,0.1136999,-27.72037,C,0.02
103,847.62,S3,0.08,0.3916587,13.89794,B,0
103,847.64,S3,0.09999999,0.1144221,-13.86183,C,0.02
103,847.66,S3,0.12,0.08550075,-1.446067,B,0
103,847.68,S3,0.14,0.6611399,28.78196,B,0.02
103,847.7,S3,0.16,0.4556969,-10.27215,C,0.04
104,848.26,S3,0,1.746382,32.08959, ,0
104,848.28,S3,0.02,0.7415684,-50.24066, ,0
104,848.3,S3,0.04,1.30501,28.1721,B,0
104,848.32,S3,0.06,0.3092271,-49.78917,C,0.02
104,848.34,S3,0.08,0.3658081,2.829053,B,0
104,848.36,S3,0.09999999,0.5379766,8.608422,C,0.02
104,848.38,S3,0.12,0.1652823,-18.63471,C,0.02
104,848.4,S3,0.14,0.8432103,33.8964,B,0
104,848.42,S3,0.16,0.3472291,-24.79906,C,0.02
104,848.44,S3,0.18,1.085323,36.90469,B,0
104,848.46,S3,0.2,0.4903558,-29.74836,C,0.02
105,848.98,S3,0,1.460939,22.87101, ,0
105,849,S3,0.02,0.5375706,-46.16844, ,0
105,849.02,S3,0.04,0.4959413,-2.081463,B,0
105,849.04,S3,0.06,0.5668334,3.544602,C,0.02
105,849.06,S3,0.08,0.1940724,-18.63805,C,0.02
105,849.08,S3,0.09999999,0.519387,16.26573,B,0
105,849.1,S3,0.12,0.1067111,-20.63379,C,0.02
105,849.12,S3,0.14,0.8336946,36.34917,B,0
105,849.14,S3,0.16,0.2076961,-31.29993,C,0.02
105,849.16,S3,0.18,0.761587,27.69455,B,0
106,849.72,S3,0,1.903985,40.613, ,0.02
106,849.74,S3,0.02,0.939067,-48.24591, ,0.02
106,849.76,S3,0.04,1.439328,25.01304,B,0
106,849.78,S3,0.06,0.5657581,-43.67848,C,0.02
106,849.8,S3,0.08,0.1058137,-22.99722,B,0
106,849.82,S3,0.09999999,0.321777,10.79816,B,0.02
106,849.84,S3,0.12,0.1400027,-9.088716,B,0.04
107,850.42,S3,0,0.669467,-16.04575, ,0.06
107,850.44,S3,0.02,1.384307,35.74202,B,0
107,850.46,S3,0.04,0.6777099,-35.32988,C,0.02
107,850.48,S3,0.06,0.5170508,-8.032954,B,0
107,850.5,S3,0.08,0.285118,-11.59664,C,0.02
107,850.52,S3,0.09999999,0.2876762,0.1279086,B,0
107,850.54,S3,0.12,0.1940603,-4.680792,B,0.02
107,850.56,S3,0.14,0.0581728,-6.794376,B,0.04
108,851.16,S3,0,1.225447,31.30522, ,0.06
108,851.18,S3,0.02,0.6449273,-29.02598, ,0.06
108,851.2,S3,0.04,0.4279034,-10.85119,B,0
108,851.22,S3,0.06,0.7556681,16.38823,C,0.02
108,851.24,S3,0.08,0.3430038,-20.63321,C,0.02
108,851.26,S3,0.09999999,0.1410145,-10.09947,B,0
108,851.28,S3,0.12,0.3007568,7.987114,B,0.02
108,851.3,S3,0.14,0.3666012,3.292224,B,0.04
109,851.88,S3,0,0.6753845,-1.774719, ,0.06
109,851.9,S3,0.02,1.772035,54.83253, ,0.06
109,851.92,S3,0.04,0.7395231,-51.6256, ,0.06
109,851.94,S3,0.06,0.401646,-16.89386,B,0
109,851.96,S3,0.08,0.2635446,-6.90507,C,0.02
109,851.98,S3,0.09999999,0.2735308,0.4993141,B,0
109,852,S3,0.12,0.3191875,2.282834,B,0.02
109,852.02,S3,0.14,0.2844751,-1.735619,B,0.04
110,852.58,S3,0,1.760455,53.0587, ,0.06
110,852.6,S3,0.02,0.7935294,-48.34629, ,0.06
110,852.62,S3,0.04,0.7868726,-0.3328383,B,0
110,852.64,S3,0.06,0.41487,-18.60013,C,0.02
110,852.66,S3,0.08,0.3998573,-0.7506341,B,0
110,852.68,S3,0.09999999,0.04338104,-17.82382,C,0.02
110,852.7,S3,0.12,0.7338846,34.52518,B,0
110,852.72,S3,0.14,0.8787031,7.240921,C,0.02
110,852.74,S3,0.16,0.6973266,-9.068823,C,0.02
111,853.28,S3,0,0.7032704,-50.57325, ,0
111,853.3,S3,0.02,1.346551,32.16405,B,0
111,853.32,S3,0.04,0.04299353,-65.17789,C,0.02
111,853.34,S3,0.06,0.1076477,3.232706,B,0
111,853.36,S3,0.08,0.1060945,-0.0776574,B,0.02
111,853.38,S3,0.09999999,0.1664454,3.017547,B,0.04
112,854.02,S3,0,0.6667727,-4.444829, ,0.06
112,854.04,S3,0.02,1.208838,27.10327, ,0.06
112,854.06,S3,0.04,0.5409913,-33.39233, ,0.06
112,854.08,S3,0.06,0.7349541,9.698141,B,0
112,854.1,S3,0.08,0.3241499,-20.54021,C,0.02
112,854.12,S3,0.09999999,0.2224793,-5.08353,B,0
112,854.14,S3,0.12,0.05289989,-8.478972,B,0.02
112,854.16,S3,0.14,0.3159131,13.15066,B,0.04
113,854.76,S3,0,1.453536,36.92414, ,0.06
113,854.78,S3,0.02,0.749155,-35.21904, ,0.06
113,854.8,S3,0.04,0.9923004,12.15727,B,0
113,854.82,S3,0.06,0.484206,-25.40472,C,0.02
113,854.84,S3,0.08,0.3304685,-7.686877,B,0
113,854.86,S3,0.09999999,0.3679712,1.875137,B,0.02
113,854.88,S3,0.12,0.2196878,-7.414168,C,0.04
113,854.9,S3,0.14,0.2166085,-0.1539677,B,0
113,854.92,S3,0.16,0.4875328,13.54622,B,0.02
113,854.94,S3,0.18,1.011832,26.21495,C,0.04
113,854.96,S3,0.2,0.4722512,-26.97903,C,0.04
114,855.48,S3,0,2.07094,78.62621, ,0
114,855.5,S3,0.02,1.030927,-52.00067, ,0
114,855.52,S3,0.04,0.8071111,-11.19079,B,0
114,855.54,S3,0.06,1.261571,22.72298,C,0.02
114,855.56,S3,0.08,0.2387635,-51.14036,C,0.02
114,855.58,S3,0.09999999,0.4367102,9.897337,B,0
114,855.6,S3,0.12,0.3984636,-1.91233,C,0.02
114,855.62,S3,0.14,1.059746,33.06411,C,0.02
114,855.64,S3,0.16,0.256108,-40.18189,C,0.02
114,855.66,S3,0.18,0.7196113,23.17516,B,0
114,855.68,S3,0.2,0.3764464,-17.15825,C,0.02
114,855.7,S3,0.22,0.2799464,-4.824997,B,0
115,856.26,S3,0,1.474477,31.84509, ,0.02
115,856.28,S3,0.02,0.6758583,-39.93092, ,0.02
115,856.3,S3,0.04,1.331757,32.79494,B,0
115,856.32,S3,0.06,0.6681815,-33.17879,C,0.02
116,856.36,S3,0,0.1780956,-41.2482, ,0
116,856.38,S3,0.02,0.05025332,-6.392115,B,0
116,856.4,S3,0.04,1.352465,65.11057,B,0.02
116,856.42,S3,0.06,0.623067,-36.46988,C,0.04
116,856.44,S3,0.08,0.6199558,-0.1555622,B,0
116,856.46,S3,0.09999999,0.1495038,-23.5226,C,0.02
116,856.48,S3,0.12,0.9745119,41.2504,B,0
117,857.04,S3,0,1.266665,37.56384, ,0.02
117,857.06,S3,0.02,0.6459451,-31.03601, ,0.02
117,857.08,S3,0.04,1.072294,21.31742,B,0
117,857.1,S3,0.06,0.4614823,-30.54056,C,0.02
118,857.14,S3,0,0.5331535,-35.86025, ,0
118,857.16,S3,0.02,0.2948442,-11.91546,B,0
118,857.18,S3,0.04,0.941631,32.33934,B,0.02
118,857.2,S3,0.06,0.5477445,-19.69432,C,0.04
118,857.22,S3,0.08,1.297934,37.50948,B,0
118,857.24,S3,0.09999999,0.6243247,-33.68047,C,0.02


119,1214.46,S3,0,0.7579868,-3.424996, ,0
119,1214.48,S3,0.02,0.2084028,-27.4792, ,0
119,1214.5,S3,0.04,0.5138485,15.27228,B,0
119,1214.52,S3,0.06,0.1810734,-16.63875,C,0.02
119,1214.54,S3,0.08,0.548007,18.34668,B,0
119,1214.56,S3,0.09999999,0.2794708,-13.42681,C,0.02
119,1214.58,S3,0.12,0.5965915,15.85603,B,0
119,1214.6,S3,0.14,0.1148291,-24.08812,C,0.02
119,1214.62,S3,0.16,0.204412,4.479146,B,0
119,1214.64,S3,0.18,0.09786309,-5.327446,B,0.02
119,1214.66,S3,0.2,0.2764141,8.927549,B,0.04
120,1215.44,S3,0,0.5236433,6.850656, ,0.06
120,1215.46,S3,0.02,0,-26.18217, ,0.06
120,1215.48,S3,0.04,0.4636314,23.18157,B,0
120,1215.5,S3,0.06,0.2702746,-9.667839,C,0.02
120,1215.52,S3,0.08,0.9012386,31.5482,B,0
120,1215.54,S3,0.09999999,0.1049817,-39.81285,C,0.02
120,1215.56,S3,0.12,0.04915355,-2.791408,B,0
120,1215.58,S3,0.14,0.1705603,6.070339,B,0.02
120,1215.6,S3,0.16,0.1236916,-2.343438,B,0.04
121,1216.26,S3,0,1.285299,28.74296, ,0.06
121,1216.28,S3,0.02,0.3912597,-44.70197, ,0.06
121,1216.3,S3,0.04,0.6470048,12.78726,B,0
121,1216.32,S3,0.06,0.2476947,-19.9655,C,0.02
121,1216.34,S3,0.08,0.256386,0.4345655,B,0
121,1216.36,S3,0.09999999,0.2765873,1.010066,B,0.02
121,1216.38,S3,0.12,0.1518395,-6.237394,B,0.04
122,1217.12,S3,0,1.077001,34.75821, ,0.06
122,1217.14,S3,0.02,0.3939789,-34.15112, ,0.06
122,1217.16,S3,0.04,0.6288509,11.7436,B,0
122,1217.18,S3,0.06,0.8141486,9.264887,C,0.02
122,1217.2,S3,0.08,0.2678248,-27.31619,C,0.02
122,1217.22,S3,0.09999999,0.4903899,11.12825,B,0
122,1217.24,S3,0.12,0.1338829,-17.82535,C,0.02
122,1217.26,S3,0.14,0.258368,6.224254,B,0
122,1217.28,S3,0.16,0.1218002,-6.82839,B,0.02
122,1217.3,S3,0.18,0.08136443,-2.02179,B,0.04
123,1218.02,S3,0,0.3627246,-23.16755, ,0.06
123,1218.04,S3,0.02,0.6702755,15.37755,B,0
123,1218.06,S3,0.04,0.4118653,-12.92051,C,0.02
123,1218.08,S3,0.06,0.8637557,22.59452,B,0
123,1218.1,S3,0.08,0.3764151,-24.36703,C,0.02
123,1218.12,S3,0.09999999,0.2253307,-7.554219,B,0
123,1218.14,S3,0.12,0.4840899,12.93796,B,0.02
123,1218.16,S3,0.14,0.0643215,-20.98842,C,0.04
123,1218.18,S3,0.16,0.1249289,3.030371,B,0
123,1218.2,S3,0.18,0.157059,1.606503,B,0.02
123,1218.22,S3,0.2,0.2881403,6.554067,B,0.04
124,1218.82,S3,0,0.891243,22.55179, ,0.06
124,1218.84,S3,0.02,0.4815959,-20.48236, ,0.06
124,1218.86,S3,0.04,0.7064622,11.24332,B,0
124,1218.88,S3,0.06,0.2926036,-20.69293,C,0.02
124,1218.9,S3,0.08,0.5230756,11.5236,B,0
124,1218.92,S3,0.09999999,0.2605377,-13.1269,C,0.02
124,1218.94,S3,0.12,0.4402394,8.985087,B,0
124,1218.96,S3,0.14,0.1860865,-12.70765,C,0.02
124,1218.98,S3,0.16,0.1665476,-0.9769425,B,0
124,1219,S3,0.18,0.1536878,-0.6429889,B,0.02
124,1219.02,S3,0.2,0.03869404,-5.74969,B,0.04
125,1219.68,S3,0,0.7700974,23.21656, ,0.06
125,1219.7,S3,0.02,0.4262118,-17.19428, ,0.06
125,1219.72,S3,0.04,0.6620207,11.79045,B,0
125,1219.74,S3,0.06,0.308843,-17.65889,C,0.02
125,1219.76,S3,0.08,0.3950106,4.308379,B,0
125,1219.78,S3,0.09999999,0.1016078,-14.67014,C,0.02
125,1219.8,S3,0.12,0.181483,3.993763,B,0
125,1219.82,S3,0.14,0.3969293,10.77231,B,0.02
125,1219.84,S3,0.16,0.114211,-14.13591,C,0.04
125,1219.86,S3,0.18,0.09259494,-1.080802,B,0
125,1219.88,S3,0.2,0.1271874,1.729624,B,0.02
125,1219.9,S3,0.22,0.1817617,2.728716,B,0.04
126,1220.54,S3,0,0.9500814,20.91024, ,0.06
126,1220.56,S3,0.02,0.3630881,-29.34966, ,0.06
126,1220.58,S3,0.04,0.9880673,31.24896,B,0
126,1220.6,S3,0.06,0.4323597,-27.78538,C,0.02
126,1220.62,S3,0.08,0.3742442,-2.905777,B,0
126,1220.64,S3,0.09999999,0.2994324,-3.740591,C,0.02
126,1220.66,S3,0.12,0.1724121,-6.351014,C,0.02
126,1220.68,S3,0.14,0.2136412,2.061458,C,0.02
126,1220.7,S3,0.16,0.09681167,-5.841479,C,0.02
126,1220.72,S3,0.18,0.2504609,7.682463,C,0.02
126,1220.74,S3,0.2,0.04109743,-10.46817,C,0.02
126,1220.76,S3,0.22,0.08810836,2.350547,B,0
126,1220.78,S3,0.24,0.05594988,-1.607924,B,0.02
126,1220.8,S3,0.26,0.1181893,3.11197,B,0.04
127,1221.54,S3,0,0.6964627,10.21983, ,0.06
127,1221.56,S3,0.02,0.3395188,-17.8472, ,0.06
127,1221.58,S3,0.04,0.6258481,14.31646,B,0
127,1221.6,S3,0.06,0.3002672,-16.27904,C,0.02
127,1221.62,S3,0.08,0.2918391,-0.4214063,B,0
127,1221.64,S3,0.09999999,0.3253339,1.674739,B,0.02
127,1221.66,S3,0.12,0.1032728,-11.10305,B,0.04
128,1222.44,S3,0,0.3861065,10.49235, ,0.06
128,1222.46,S3,0.02,0.1995942,-9.325615, ,0.06
128,1222.48,S3,0.04,0.2626281,3.151699,B,0
128,1222.5,S3,0.06,0.431457,8.441445,B,0.02
128,1222.52,S3,0.08,0.161428,-13.50145,C,0.04
128,1222.54,S3,0.09999999,0.2965544,6.756319,B,0
128,1222.56,S3,0.12,0.2291655,-3.369441,B,0.02
128,1222.58,S3,0.14,0.4086311,8.973276,B,0.04
129,1223.44,S3,0,0.5143987,15.37206, ,0.06
129,1223.46,S3,0.02,0.1764054,-16.89966, ,0.06
129,1223.48,S3,0.04,0.1716618,-0.2371818,B,0
129,1223.5,S3,0.06,0.3234016,7.586989,B,0.02
129,1223.52,S3,0.08,0.1873727,-6.801445,B,0.04
130,1224.64,S3,0,1.872009,-127.3797, ,0.06
130,1224.66,S3,0.02,1.329109,-27.14502,B,0
131,1225.7,S3,0,1.043045,-43.81649, ,0.02
131,1225.72,S3,0.02,2.125467,54.12107,B,0
131,1225.74,S3,0.04,1.007586,-55.89403,C,0.02
132,1226.64,S3,0,1.30642,-45.326, ,0
132,1226.66,S3,0.02,1.51663,10.51053,B,0
133,1227.4,S3,0,1.666827,43.54478, ,0.02
133,1227.42,S3,0.02,0.7279444,-46.94412, ,0.02
134,1228.22,S3,0,4.335181,110.9553, ,0
135,1228.98,S3,0,1.902157,40.21465, ,0
135,1229,S3,0.02,0.8676624,-51.72475, ,0
135,1229.02,S3,0.04,0.8634832,-0.208962,B,0
136,1230,S3,0,2.474006,59.86264, ,0.02
136,1230.02,S3,0.02,1.383081,-54.54626, ,0.02
137,1230.72,S3,0,1.915305,44.88482, ,0
137,1230.74,S3,0.02,1.012329,-45.1488, ,0
138,1231.6,S3,0,1.190104,-80.72996, ,0
138,1231.62,S3,0.02,2.842338,82.61168,B,0
139,1232.26,S3,0,1.723872,55.44193, ,0.02
139,1232.28,S3,0.02,1.123236,-30.03181, ,0.02
139,1232.3,S3,0.04,1.088989,-1.712322,B,0
140,1233.08,S3,0,2.582111,60.23793, ,0.02
140,1233.1,S3,0.02,1.609849,-48.61308, ,0.02
141,1233.68,S3,0,1.54727,33.82085, ,0
141,1233.7,S3,0.02,0.7997591,-37.37555, ,0
141,1233.72,S3,0.04,1.450623,32.54318,B,0
142,1234.42,S3,0,2.299084,-58.1693, ,0.02
143,1236.36,S3,0,1.003532,22.56874, ,0
143,1236.38,S3,0.02,0.2460007,-37.87655, ,0
143,1236.4,S3,0.04,0.5727997,16.33995,B,0
143,1236.42,S3,0.06,0.3072701,-13.27648,C,0.02
143,1236.44,S3,0.08,0.2183429,-4.446361,B,0
143,1236.46,S3,0.09999999,0.369645,7.565105,B,0.02
143,1236.48,S3,0.12,0.1534035,-10.81207,C,0.04
143,1236.5,S3,0.14,0.0521576,-5.062297,B,0
143,1236.52,S3,0.16,0.09032954,1.908597,B,0.02
143,1236.54,S3,0.18,0.4590049,18.43377,B,0.04
144,1237.18,S3,0,1.085334,27.2828, ,0.06
144,1237.2,S3,0.02,0.4772863,-30.40239, ,0.06
144,1237.22,S3,0.04,1.234405,37.85592,B,0
144,1237.24,S3,0.06,0.5298077,-35.22984,C,0.02
144,1237.26,S3,0.08,0.4154551,-5.717631,B,0
144,1237.28,S3,0.09999999,0.2168043,-9.93254,C,0.02
144,1237.3,S3,0.12,0.2234401,0.33179,B,0
144,1237.32,S3,0.14,0.2604625,1.851116,B,0.02
144,1237.34,S3,0.16,0.08415848,-8.815199,B,0.04
145,1237.92,S3,0,0.4311496,-52.0136, ,0.06
145,1237.94,S3,0.02,0.9023075,23.55789,B,0
145,1237.96,S3,0.04,0.4338573,-23.42251,C,0.02
145,1237.98,S3,0.06,0.4160887,-0.8884296,B,0
145,1238,S3,0.08,0.6808808,13.23961,C,0.02
145,1238.02,S3,0.09999999,0.3006198,-19.01305,C,0.02
145,1238.04,S3,0.12,0.2058648,-4.737751,B,0
145,1238.06,S3,0.14,0.1145955,-4.563462,B,0.02
145,1238.08,S3,0.16,0.3596533,12.25289,B,0.04
146,1238.72,S3,0,0.8813151,14.4627, ,0.06
146,1238.74,S3,0.02,0.3218631,-27.9726, ,0.06
146,1238.76,S3,0.04,0.9149319,29.65344,B,0
146,1238.78,S3,0.06,0.3989783,-25.79768,C,0.02
146,1238.8,S3,0.08,0.2029155,-9.803139,B,0
146,1238.82,S3,0.09999999,0.4320612,11.45728,B,0.02
146,1238.84,S3,0.12,0.1242097,-15.39258,C,0.04
146,1238.86,S3,0.14,0.232478,5.413418,B,0
146,1238.88,S3,0.16,0.0737146,-7.93817,B,0.02
146,1238.9,S3,0.18,0.2331195,7.970246,B,0.04
147,1239.54,S3,0,0.8862426,19.89189, ,0.06
147,1239.56,S3,0.02,0.4895447,-19.8349, ,0.06
147,1239.58,S3,0.04,0.7189006,11.4678,B,0
147,1239.6,S3,0.06,0.2512361,-23.38323,C,0.02
147,1239.62,S3,0.08,0.2436302,-0.3802925,B,0
147,1239.64,S3,0.09999999,0.2755772,1.597348,B,0.02
147,1239.66,S3,0.12,0.09524957,-9.016379,B,0.04
148,1240.36,S3,0,0.9424405,24.33989, ,0.06
148,1240.38,S3,0.02,0.4375928,-25.24239, ,0.06
148,1240.4,S3,0.04,0.611839,8.71231,B,0
148,1240.42,S3,0.06,0.2704502,-17.06944,C,0.02
148,1240.44,S3,0.08,0.1675257,-5.146225,B,0
148,1240.46,S3,0.09999999,0.1175686,-2.497858,B,0.02
148,1240.48,S3,0.12,0.1242982,0.3364831,B,0.04
149,1241.12,S3,0,1.272049,31.17119, ,0.06
149,1241.14,S3,0.02,0.6404855,-31.57816, ,0.06
149,1241.16,S3,0.04,0.5714764,-3.450453,B,0
149,1241.18,S3,0.06,0.6798734,5.41985,C,0.02
149,1241.2,S3,0.08,0.04074148,-31.9566,C,0.02
149,1241.22,S3,0.09999999,0.1297165,4.448753,B,0
149,1241.24,S3,0.12,0.1504822,1.038282,B,0.02
149,1241.26,S3,0.14,0.0931213,-2.868045,B,0.04
150,1243.5,S3,0,1.349959,31.2715, ,0.06
150,1243.52,S3,0.02,0.4915285,-42.92155, ,0.06
150,1243.54,S3,0.04,1.012046,26.02587,B,0
150,1243.56,S3,0.06,0.1599614,-42.60423,C,0.02
150,1243.58,S3,0.08,0.3616975,10.0868,B,0
150,1243.6,S3,0.09999999,0.2613509,-5.017328,C,0.02
150,1243.62,S3,0.12,0.7206993,22.96742,C,0.02
150,1243.64,S3,0.14,0.4251944,-14.77525,C,0.02
150,1243.66,S3,0.16,0.3771389,-2.402771,B,0
151,1244.24,S3,0,0.9991622,-54.26086, ,0.02
151,1244.26,S3,0.02,1.558073,27.94554,B,0
151,1244.28,S3,0.04,0.6679583,-44.50574,C,0.02
151,1244.3,S3,0.06,0.1704376,-24.87604,B,0
151,1244.32,S3,0.08,0.0991201,-3.565874,B,0.02
151,1244.34,S3,0.09999999,0.08045058,-0.9334758,B,0.04
152,1244.98,S3,0,1.631369,32.25935, ,0.06
152,1245,S3,0.02,0.684496,-47.34364, ,0.06
152,1245.02,S3,0.04,0.1982227,-24.31366,B,0
152,1245.04,S3,0.06,0.7543266,27.80519,B,0.02
152,1245.06,S3,0.08,0.3429402,-20.56932,C,0.04
152,1245.08,S3,0.09999999,0.1374761,-10.2732,B,0
152,1245.1,S3,0.12,0.07338636,-3.204486,B,0.02
152,1245.12,S3,0.14,0.3551891,14.09014,B,0.04
153,1245.72,S3,0,1.175222,24.95393, ,0.06
153,1245.74,S3,0.02,0.6156701,-27.9776, ,0.06
153,1245.76,S3,0.04,0.7228268,5.357832,B,0
153,1245.78,S3,0.06,0.1180139,-30.24064,C,0.02
153,1245.8,S3,0.08,0.2814451,8.171561,B,0
153,1245.82,S3,0.09999999,0.06233697,-10.95541,B,0.02
153,1245.84,S3,0.12,0.04341264,-0.9462161,B,0.04
154,1246.42,S3,0,0.575372,-29.59636, ,0.06
154,1246.44,S3,0.02,0.9127638,16.86959,B,0
154,1246.46,S3,0.04,0.3891178,-26.1823,C,0.02
154,1246.48,S3,0.06,0.2540805,-6.751864,B,0
154,1246.5,S3,0.08,0.2225091,-1.578572,B,0.02
154,1246.52,S3,0.09999999,0.0383618,-9.207365,B,0.04
155,1247.12,S3,0,1.801193,49.47606, ,0.06
155,1247.14,S3,0.02,0.680908,-56.01426, ,0.06
155,1247.16,S3,0.04,0.9619214,14.05067,B,0
156,1247.28,S3,0,0.7896075,33.42416, ,0.02
156,1247.3,S3,0.02,0.4713262,-15.91407, ,0.02
156,1247.32,S3,0.04,1.521444,52.50591,B,0
156,1247.34,S3,0.06,0.9028018,-30.93213,C,0.02
157,1247.8,S3,0,1.122923,31.37492, ,0
157,1247.82,S3,0.02,0.5845523,-26.91853, ,0
157,1247.84,S3,0.04,0.4745402,-5.500603,B,0
157,1247.86,S3,0.06,0.2936756,-9.04323,C,0.02
157,1247.88,S3,0.08,0.02578961,-13.3943,B,0
157,1247.9,S3,0.09999999,0.2201522,9.718131,B,0.02
157,1247.92,S3,0.12,0.1457924,-3.71799,B,0.04
158,1248.5,S3,0,1.035499,16.77111, ,0.06
158,1248.52,S3,0.02,0.3737657,-33.08667, ,0.06
158,1248.54,S3,0.04,0.9734808,29.98575,B,0
158,1248.56,S3,0.06,0.5965201,-18.84803,C,0.02
158,1248.58,S3,0.08,1.03959,22.15351,B,0
158,1248.6,S3,0.09999999,0.137593,-45.09986,C,0.02
158,1248.62,S3,0.12,0.1780042,2.020556,B,0
158,1248.64,S3,0.14,0.441677,13.18364,B,0.02
158,1248.66,S3,0.16,0.04917358,-19.62517,C,0.04
158,1248.68,S3,0.18,1.21081,58.08184,B,0
158,1248.7,S3,0.2,0.3221402,-44.4335,C,0.02
158,1248.72,S3,0.22,1.28443,48.11449,B,0
159,1249.22,S3,0,1.203926,20.69767, ,0.02
159,1249.24,S3,0.02,0.4673282,-36.82988, ,0.02
159,1249.26,S3,0.04,0.6799399,10.63059,B,0
159,1249.28,S3,0.06,0.2690748,-20.54325,C,0.02
159,1249.3,S3,0.08,0.6764344,20.36798,B,0
159,1249.32,S3,0.09999999,0.1222358,-27.70993,C,0.02
159,1249.34,S3,0.12,0.05125237,-3.549171,B,0
159,1249.36,S3,0.14,0.8624116,40.55796,B,0.02
159,1249.38,S3,0.16,0.2116037,-32.54039,C,0.04
160,1249.9,S3,0,1.474422,36.50134, ,0
160,1249.92,S3,0.02,0.6614588,-40.64817, ,0
160,1249.94,S3,0.04,1.233659,28.61001,B,0
160,1249.96,S3,0.06,0.5957066,-31.89762,C,0.02
160,1249.98,S3,0.08,0.5314746,-3.2116,B,0
161,1250.1,S3,0,0.9993197,-17.40471, ,0.02
161,1250.12,S3,0.02,1.055526,2.810326,B,0
161,1250.14,S3,0.04,0.570578,-24.24741,C,0.02
161,1250.16,S3,0.06,0.4111241,-7.972698,B,0
161,1250.18,S3,0.08,0.754515,17.16955,C,0.02
162,1250.6,S3,0,1.414355,2.650529, ,0.02
162,1250.62,S3,0.02,1.833525,20.95849, ,0.02
162,1250.64,S3,0.04,0.680709,-57.64078, ,0.02
162,1250.66,S3,0.06,0.57199,-5.435953,B,0
163,1250.72,S3,0,0.6610915,14.13393, ,0.02
163,1250.74,S3,0.02,0.5610405,-5.002549, ,0.02
163,1250.76,S3,0.04,1.692765,56.58623, ,0.02
163,1250.78,S3,0.06,0.4181691,-63.7298, ,0.02
163,1250.8,S3,0.08,0.7535141,16.76725,B,0
163,1250.82,S3,0.09999999,0.2837649,-23.48746,C,0.02
163,1250.84,S3,0.12,0.2944869,0.5360976,B,0
164,1251.34,S3,0,0.8105716,-11.20752, ,0.02
164,1251.36,S3,0.02,1.324409,25.69185,B,0
164,1251.38,S3,0.04,0.5877435,-36.83326,C,0.02
164,1251.4,S3,0.06,0.6610585,3.665751,B,0
164,1251.42,S3,0.08,0.2137896,-22.36344,C,0.02
164,1251.44,S3,0.09999999,0.2547545,2.048247,B,0
164,1251.46,S3,0.12,0.7980598,27.16526,B,0.02
164,1251.48,S3,0.14,0.09514913,-35.14553,C,0.04
164,1251.5,S3,0.16,0.7851033,34.49771,B,0
164,1251.52,S3,0.18,7.079228E-05,-39.25163,C,0.02
164,1251.54,S3,0.2,0.5641319,28.20306,B,0
164,1251.56,S3,0.22,0.355462,-10.4335,C,0.02
164,1251.58,S3,0.24,0.4537413,4.913962,B,0
164,1251.6,S3,0.26,0.3064703,-7.363546,C,0.02
165,1252.06,S3,0,2.124001,60.56169, ,0
165,1252.08,S3,0.02,1.744441,-18.97801, ,0
166,1252.14,S3,0,0.4490807,6.920724, ,0
166,1252.16,S3,0.02,0.1914072,-12.88367, ,0
166,1252.18,S3,0.04,0.8935888,35.10908,B,0
166,1252.2,S3,0.06,0.5074874,-19.30507,C,0.02
166,1252.22,S3,0.08,1.087263,28.98876,B,0
166,1252.24,S3,0.09999999,0.2632481,-41.20072,C,0.02
167,1252.78,S3,0,1.023152,-23.5575, ,0
167,1252.8,S3,0.02,1.614436,29.56417,B,0
167,1252.82,S3,0.04,0.6303865,-49.20247,C,0.02
167,1252.84,S3,0.06,0.701926,3.576973,B,0
167,1252.86,S3,0.08,0.6664041,-1.776093,C,0.02
168,1252.9,S3,0,0.2224891,2.20453, ,0.02
168,1252.92,S3,0.02,0.1905731,-1.5958, ,0.02
168,1252.94,S3,0.04,0.560406,18.49165, ,0.02
168,1252.96,S3,0.06,0.1611726,-19.96167, ,0.02
168,1252.98,S3,0.08,0.5233071,18.10673,B,0
168,1253,S3,0.09999999,0.2867783,-11.82644,C,0.02
168,1253.02,S3,0.12,0.4585454,8.588356,B,0
168,1253.04,S3,0.14,0.8779469,20.97007,C,0.02
168,1253.06,S3,0.16,0.3863162,-24.58153,C,0.02
169,1253.5,S3,0,1.364852,33.70193, ,0
169,1253.52,S3,0.02,0.7098798,-32.74861, ,0
169,1253.54,S3,0.04,1.164009,22.70648,B,0
169,1253.56,S3,0.06,0.5996252,-28.21922,C,0.02
169,1253.58,S3,0.08,0.5099214,-4.48519,B,0
169,1253.6,S3,0.09999999,0.05821707,-22.58522,C,0.02
169,1253.62,S3,0.12,0.3790914,16.04372,B,0
169,1253.64,S3,0.14,0.1073192,-13.58861,C,0.02
169,1253.66,S3,0.16,0.06499958,-2.115981,B,0
169,1253.68,S3,0.18,0.6822101,30.86053,B,0.02
169,1253.7,S3,0.2,0.5676173,-5.729643,C,0.04
169,1253.72,S3,0.22,0.9365169,18.44498,C,0.04
169,1253.74,S3,0.24,0.539485,-19.85159,C,0.04
170,1254.18,S3,0,1.091911,27.72124, ,0
170,1254.2,S3,0.02,0.4901368,-30.08869, ,0
170,1254.22,S3,0.04,0.9574931,23.36782,B,0
170,1254.24,S3,0.06,0.4499065,-25.37933,C,0.02
170,1254.26,S3,0.08,0.5645478,5.732063,B,0
170,1254.28,S3,0.09999999,0.1722687,-19.61396,C,0.02
170,1254.3,S3,0.12,0.1843976,0.6064467,B,0
170,1254.32,S3,0.14,0.4986934,15.71479,B,0.02
170,1254.34,S3,0.16,0.4607133,-1.899007,C,0.04
170,1254.36,S3,0.18,0.7825037,16.08952,C,0.04
170,1254.38,S3,0.2,0.3895069,-19.64984,C,0.04
170,1254.4,S3,0.22,0.6339995,12.22463,B,0
170,1254.42,S3,0.24,0.4366979,-9.865083,C,0.02
171,1254.9,S3,0,1.182269,33.41439, ,0
171,1254.92,S3,0.02,0.6772966,-25.24861, ,0
171,1254.94,S3,0.04,1.243467,28.30853,B,0
171,1254.96,S3,0.06,0.5806203,-33.14235,C,0.02
171,1254.98,S3,0.08,0.5175927,-3.151384,B,0
171,1255,S3,0.09999999,0.09799296,-20.97999,C,0.02
171,1255.02,S3,0.12,0.3093913,10.56992,B,0
171,1255.04,S3,0.14,0.3898629,4.023582,B,0.02
171,1255.06,S3,0.16,0.3756034,-0.7129759,C,0.04
171,1255.08,S3,0.18,0.5772246,10.08106,C,0.04
171,1255.1,S3,0.2,0.404201,-8.651181,C,0.04
171,1255.12,S3,0.22,0.691125,14.3462,B,0
172,1255.58,S3,0,1.577202,32.25046, ,0.02
172,1255.6,S3,0.02,0.7046295,-43.62862, ,0.02
172,1255.62,S3,0.04,1.107871,20.16206,B,0
172,1255.64,S3,0.06,0.3959901,-35.59402,C,0.02
172,1255.66,S3,0.08,0.4179905,1.100017,B,0
172,1255.68,S3,0.09999999,0.5745755,7.829254,C,0.02
173,1255.72,S3,0,0.6250734,21.58461, ,0.02
173,1255.74,S3,0.02,0.149528,-23.77727, ,0.02
173,1255.76,S3,0.04,0.5055227,17.79974,B,0
173,1255.78,S3,0.06,0.3000409,-10.27409,C,0.02
173,1255.8,S3,0.08,0.4913124,9.563579,B,0
173,1255.82,S3,0.09999999,0.8838562,19.62719,C,0.02
173,1255.84,S3,0.12,0.4200972,-23.18795,C,0.02
174,1256.26,S3,0,1.012647,15.13411, ,0
174,1256.28,S3,0.02,0.7437278,-13.44597, ,0
174,1256.3,S3,0.04,0.658011,-4.285839,B,0
174,1256.32,S3,0.06,0.7945473,6.826815,C,0.02
174,1256.34,S3,0.08,0.3798513,-20.7348,C,0.02
174,1256.36,S3,0.09999999,0.2604775,-5.968688,B,0
174,1256.38,S3,0.12,0.01547457,-12.25015,B,0.02
174,1256.4,S3,0.14,0.6976915,34.11085,B,0.04
175,1256.96,S3,0,0.5266777,-49.74872, ,0.06
175,1256.98,S3,0.02,1.197805,33.55636,B,0
175,1257,S3,0.04,0.6921732,-25.28159,C,0.02
175,1257.02,S3,0.06,0.3435424,-17.43154,B,0
175,1257.04,S3,0.08,0.216112,-6.371518,C,0.02
175,1257.06,S3,0.09999999,0.1947943,-1.065886,C,0.02
175,1257.08,S3,0.12,0.1729006,-1.094686,C,0.02
175,1257.1,S3,0.14,0.4151686,12.1134,C,0.02
175,1257.12,S3,0.16,0.7587031,17.17672,C,0.02
175,1257.14,S3,0.18,0.3388156,-20.99438,C,0.02
175,1257.16,S3,0.2,0.2490941,-4.486076,B,0
176,1257.62,S3,0,1.047821,18.5442, ,0.02
176,1257.64,S3,0.02,1.008671,-1.957506, ,0.02
176,1257.66,S3,0.04,0.8014727,-10.35993, ,0.02
176,1257.68,S3,0.06,0.9909704,9.474886,B,0
176,1257.7,S3,0.08,0.2062315,-39.23694,C,0.02
176,1257.72,S3,0.09999999,0.1447088,-3.076138,B,0
176,1257.74,S3,0.12,0.1162868,-1.421098,B,0.02
176,1257.76,S3,0.14,0.7773555,33.05344,B,0.04


